onnx/resnet_2b.onnx,vnnlib_properties_pgd_filtered/resnet2b_pgd_filtered/prop_0_eps_0.008.vnnlib,300
onnx/resnet_2b.onnx,vnnlib_properties_pgd_filtered/resnet2b_pgd_filtered/prop_1_eps_0.008.vnnlib,300
onnx/resnet_2b.onnx,vnnlib_properties_pgd_filtered/resnet2b_pgd_filtered/prop_2_eps_0.008.vnnlib,300
onnx/resnet_2b.onnx,vnnlib_properties_pgd_filtered/resnet2b_pgd_filtered/prop_3_eps_0.008.vnnlib,300
onnx/resnet_2b.onnx,vnnlib_properties_pgd_filtered/resnet2b_pgd_filtered/prop_4_eps_0.008.vnnlib,300
onnx/resnet_2b.onnx,vnnlib_properties_pgd_filtered/resnet2b_pgd_filtered/prop_5_eps_0.008.vnnlib,300
onnx/resnet_2b.onnx,vnnlib_properties_pgd_filtered/resnet2b_pgd_filtered/prop_6_eps_0.008.vnnlib,300
onnx/resnet_2b.onnx,vnnlib_properties_pgd_filtered/resnet2b_pgd_filtered/prop_7_eps_0.008.vnnlib,300
onnx/resnet_2b.onnx,vnnlib_properties_pgd_filtered/resnet2b_pgd_filtered/prop_8_eps_0.008.vnnlib,300
onnx/resnet_2b.onnx,vnnlib_properties_pgd_filtered/resnet2b_pgd_filtered/prop_9_eps_0.008.vnnlib,300
onnx/resnet_2b.onnx,vnnlib_properties_pgd_filtered/resnet2b_pgd_filtered/prop_10_eps_0.008.vnnlib,300
onnx/resnet_2b.onnx,vnnlib_properties_pgd_filtered/resnet2b_pgd_filtered/prop_11_eps_0.008.vnnlib,300
onnx/resnet_2b.onnx,vnnlib_properties_pgd_filtered/resnet2b_pgd_filtered/prop_12_eps_0.008.vnnlib,300
onnx/resnet_2b.onnx,vnnlib_properties_pgd_filtered/resnet2b_pgd_filtered/prop_13_eps_0.008.vnnlib,300
onnx/resnet_2b.onnx,vnnlib_properties_pgd_filtered/resnet2b_pgd_filtered/prop_14_eps_0.008.vnnlib,300
onnx/resnet_2b.onnx,vnnlib_properties_pgd_filtered/resnet2b_pgd_filtered/prop_15_eps_0.008.vnnlib,300
onnx/resnet_2b.onnx,vnnlib_properties_pgd_filtered/resnet2b_pgd_filtered/prop_16_eps_0.008.vnnlib,300
onnx/resnet_2b.onnx,vnnlib_properties_pgd_filtered/resnet2b_pgd_filtered/prop_17_eps_0.008.vnnlib,300
onnx/resnet_2b.onnx,vnnlib_properties_pgd_filtered/resnet2b_pgd_filtered/prop_18_eps_0.008.vnnlib,300
onnx/resnet_2b.onnx,vnnlib_properties_pgd_filtered/resnet2b_pgd_filtered/prop_19_eps_0.008.vnnlib,300
